{"stats":{"minecraft:crafted":{"minecraft:crafting_table":1,"minecraft:spruce_planks":16,"minecraft:stick":12,"minecraft:wooden_pickaxe":1,"minecraft:stone_pickaxe":1,"minecraft:wooden_axe":1,"minecraft:stone_axe":1},"minecraft:killed":{"minecraft:cow":2},"minecraft:mined":{"minecraft:spruce_log":29,"minecraft:powder_snow":2,"minecraft:coal_ore":11,"minecraft:spruce_leaves":12,"minecraft:stone":20,"minecraft:spawner":1},"minecraft:custom":{"minecraft:time_since_rest":1207,"minecraft:damage_taken":770,"minecraft:sprint_one_cm":38803,"minecraft:walk_one_cm":68370,"minecraft:mob_kills":2,"minecraft:drop":3,"minecraft:damage_dealt":681,"minecraft:damage_dealt_absorbed":90,"minecraft:interact_with_crafting_table":3,"minecraft:fly_one_cm":29484,"minecraft:player_kills":1,"minecraft:crouch_one_cm":7001,"minecraft:play_time":11792,"minecraft:deaths":3,"minecraft:sneak_time":1324,"minecraft:jump":147,"minecraft:leave_game":3,"minecraft:time_since_death":0,"minecraft:total_world_time":11792,"minecraft:fall_one_cm":3623},"minecraft:used":{"minecraft:wooden_axe":17,"minecraft:stone_pickaxe":26,"minecraft:wooden_pickaxe":6,"minecraft:stone_axe":23,"minecraft:crafting_table":1},"minecraft:dropped":{"minecraft:stone_axe":1,"apotheosis:gem":1,"patchouli:guide_book":1},"minecraft:picked_up":{"minecraft:stick":1,"apotheosis:gem":1,"patchouli:guide_book":1,"minecraft:leather":1,"minecraft:spruce_sapling":2,"minecraft:spruce_log":29,"minecraft:stone_axe":1,"minecraft:beef":7,"minecraft:written_book":1,"minecraft:coal":11,"minecraft:cobblestone":17},"minecraft:killed_by":{"minecraft:vindicator":1,"darkestsouls:gravetender_hollow_longsword":1,"darkestsouls:hollow_axe":1}},"DataVersion":3465}