{"stats":{"minecraft:killed_by":{"minecraft:player":1},"minecraft:crafted":{"minecraft:oak_planks":20,"minecraft:crafting_table":1,"minecraft:stick":8,"minecraft:wooden_pickaxe":1,"minecraft:wooden_axe":2},"minecraft:picked_up":{"minecraft:feather":2,"minecraft:chicken":1,"minecraft:porkchop":1,"minecraft:oak_log":5,"minecraft:mutton":3,"minecraft:white_wool":2},"minecraft:mined":{"minecraft:grass":1,"minecraft:oak_log":4},"minecraft:dropped":{"minecraft:wooden_axe":1},"minecraft:used":{"minecraft:wooden_axe":4,"minecraft:crafting_table":1},"minecraft:killed":{"minecraft:sheep":2,"minecraft:pig":1,"minecraft:chicken":1},"minecraft:custom":{"minecraft:time_since_rest":931,"minecraft:damage_taken":262,"minecraft:play_time":8411,"minecraft:sprint_one_cm":31746,"minecraft:walk_one_cm":54741,"minecraft:deaths":1,"minecraft:mob_kills":4,"minecraft:drop":1,"minecraft:jump":97,"minecraft:damage_dealt":285,"minecraft:leave_game":3,"minecraft:time_since_death":904,"minecraft:total_world_time":8411,"minecraft:interact_with_crafting_table":2,"minecraft:fall_one_cm":1672,"minecraft:fly_one_cm":34018}},"DataVersion":3465}