{"stats":{"minecraft:crafted":{"minecraft:crafting_table":1,"minecraft:spruce_planks":64,"minecraft:wooden_pickaxe":1,"minecraft:stone_axe":1,"minecraft:stick":12,"minecraft:stone_pickaxe":1,"minecraft:wooden_axe":1},"minecraft:killed":{"minecraft:vindicator":1,"minecraft:pillager":6,"darkestsouls:beast_patient":1},"minecraft:mined":{"minecraft:spruce_planks":2,"quark:dark_oak_ladder":1,"create:andesite_casing":1,"quark:iron_pillar":8,"minecraft:crafting_table":1,"minecraft:campfire":2,"minecraft:spruce_leaves":14,"supplementaries:cage":1,"minecraft:spruce_stairs":2,"quark:bonded_leather":1,"minecraft:spruce_log":16,"minecraft:dark_oak_stairs":2,"quark:rusty_iron_plate":5,"minecraft:bookshelf":11,"create:mechanical_bearing":1,"create:hand_crank":1,"minecraft:cyan_carpet":2,"minecraft:stone":15,"minecraft:fern":2},"minecraft:custom":{"minecraft:mob_kills":10,"minecraft:interact_with_crafting_table":6,"minecraft:damage_dealt_resisted":0,"minecraft:leave_game":2,"minecraft:time_since_death":4727,"minecraft:climb_one_cm":180,"minecraft:time_since_rest":4755,"minecraft:sprint_one_cm":62305,"minecraft:damage_taken":1871,"minecraft:walk_one_cm":83911,"minecraft:trigger_trapped_chest":3,"minecraft:drop":10,"minecraft:damage_dealt":1917,"minecraft:damage_dealt_absorbed":140,"minecraft:talked_to_villager":1,"minecraft:fly_one_cm":74629,"minecraft:open_chest":1,"minecraft:crouch_one_cm":26065,"minecraft:play_time":19128,"minecraft:deaths":7,"minecraft:sneak_time":3314,"minecraft:jump":231,"minecraft:total_world_time":19128,"minecraft:fall_one_cm":8311},"minecraft:used":{"minecraft:dark_oak_stairs":2,"epicfight:skillbook":2,"minecraft:stone_pickaxe":30,"minecraft:spruce_planks":50,"minecraft:wooden_pickaxe":3,"minecraft:crafting_table":1,"minecraft:spruce_stairs":2,"minecraft:wooden_axe":13,"minecraft:cyan_carpet":1,"minecraft:stone_axe":39,"quark:rusty_iron_plate":1,"minecraft:cobblestone":7,"minecraft:written_book":1},"minecraft:dropped":{"minecraft:cobblestone":2,"minecraft:spruce_stairs":2,"evilcraft:flesh_humanoid":2,"patchouli:guide_book":1,"minecraft:item_frame":8,"minecraft:written_book":1,"minecraft:cyan_carpet":3},"minecraft:picked_up":{"minecraft:charcoal":4,"minecraft:crafting_table":2,"quark:rusty_iron_plate":5,"minecraft:enchanted_book":2,"evilcraft:flesh_humanoid":3,"darkestsouls:beast_blood_clump":2,"minecraft:lantern":2,"quark:bonded_leather":1,"minecraft:item_frame":16,"minecraft:cyan_carpet":6,"quark:iron_pillar":8,"minecraft:spruce_planks":51,"minecraft:iron_ingot":2,"minecraft:written_book":1,"supplementaries:cage":1,"minecraft:dark_oak_stairs":4,"minecraft:book":66,"minecraft:stick":10,"create:mechanical_bearing":1,"apotheosis:gem":8,"patchouli:guide_book":1,"create:andesite_casing":1,"minecraft:spruce_stairs":6,"epicfight:skillbook":2,"minecraft:spruce_sapling":2,"create:hand_crank":1,"minecraft:spruce_log":16,"minecraft:slime_ball":6,"minecraft:soul_lantern":2,"minecraft:crossbow":2,"minecraft:gold_ingot":6,"minecraft:emerald":1,"minecraft:cobblestone":20},"minecraft:killed_by":{"minecraft:vindicator":2,"minecraft:player":1,"minecraft:pillager":3,"darkestsouls:beast_patient":1}},"DataVersion":3465}