{"stats":{"minecraft:crafted":{"minecraft:oak_planks":288,"minecraft:crafting_table":2,"minecraft:stick":4,"minecraft:wooden_pickaxe":1,"minecraft:wooden_axe":1,"minecraft:furnace":1,"minecraft:white_bed":1,"minecraft:birch_planks":20,"minecraft:stone_axe":1,"minecraft:air":0,"minecraft:cooked_mutton":3},"minecraft:killed":{"minecraft:sheep":2,"minecraft:horse":4,"darkestsouls:gravetender_hollow_crossbow":1,"minecraft:pig":1,"darkestsouls:hollow_broken_straightsword":1,"minecraft:chicken":4,"darkestsouls:gravetender_hollow_broken_straightsword":1,"darkestsouls:hollow_axe":1,"darkestsouls:gravetender_hollow_longsword":1},"minecraft:mined":{"minecraft:birch_log":5,"minecraft:grass":5,"minecraft:grass_block":4,"minecraft:oak_log":73,"minecraft:dirt":4,"minecraft:tall_grass":3,"minecraft:stone":13,"minecraft:oak_leaves":13},"minecraft:custom":{"minecraft:time_since_rest":8798,"minecraft:damage_taken":175,"minecraft:interact_with_furnace":4,"minecraft:sprint_one_cm":99862,"minecraft:walk_one_cm":45140,"minecraft:mob_kills":16,"minecraft:drop":1,"minecraft:damage_dealt":2899,"minecraft:damage_dealt_absorbed":27,"minecraft:interact_with_crafting_table":5,"minecraft:fly_one_cm":164241,"minecraft:player_kills":1,"minecraft:crouch_one_cm":8872,"minecraft:play_time":16954,"minecraft:sneak_time":1673,"minecraft:damage_dealt_resisted":0,"minecraft:jump":367,"minecraft:leave_game":1,"minecraft:time_since_death":16954,"minecraft:sleep_in_bed":1,"minecraft:total_world_time":16954,"minecraft:fall_one_cm":12271},"minecraft:used":{"minecraft:cooked_mutton":3,"minecraft:wooden_axe":12,"minecraft:wooden_pickaxe":25,"darkestsouls:gravetender_hollow_crossbow_spawn_egg":1,"wom:diamond_greataxe":23,"darkestsouls:gravetender_hollow_broken_straightsword_spawn_egg":1,"darkestsouls:hollow_axe_spawn_egg":1,"minecraft:stone_axe":93,"darkestsouls:gravetender_hollow_longsword_spawn_egg":1,"minecraft:dirt":4,"minecraft:crafting_table":2,"minecraft:furnace":1,"minecraft:white_bed":1,"darkestsouls:hollow_broken_straightsword_spawn_egg":1},"minecraft:dropped":{"minecraft:stone_axe":1},"minecraft:picked_up":{"minecraft:wooden_axe":2,"minecraft:birch_log":5,"minecraft:stick":11,"minecraft:feather":5,"minecraft:chicken":5,"patchouli:guide_book":1,"minecraft:leather":4,"minecraft:wooden_pickaxe":1,"minecraft:porkchop":4,"minecraft:oak_log":72,"evilcraft:flesh_humanoid":1,"minecraft:dirt":7,"minecraft:apple":3,"minecraft:wheat_seeds":2,"minecraft:iron_nugget":4,"minecraft:light_gray_wool":1,"minecraft:oak_sapling":19,"minecraft:mutton":7,"minecraft:oak_planks":3,"minecraft:white_wool":3,"minecraft:cobblestone":13}},"DataVersion":3465}