{"stats":{"minecraft:crafted":{"minecraft:crafting_table":1,"minecraft:spruce_planks":64,"minecraft:stick":12,"minecraft:wooden_pickaxe":1,"minecraft:stone_pickaxe":1,"minecraft:wooden_axe":1,"minecraft:stone_axe":1},"minecraft:killed":{"minecraft:pillager":2,"minecraft:vindicator":1},"minecraft:mined":{"minecraft:spruce_stairs":2,"minecraft:spruce_planks":2,"minecraft:spruce_log":16,"minecraft:crafting_table":1,"minecraft:dark_oak_stairs":2,"minecraft:bookshelf":11,"minecraft:cyan_carpet":2,"minecraft:spruce_leaves":3,"minecraft:stone":15,"minecraft:fern":1},"minecraft:custom":{"minecraft:time_since_rest":1555,"minecraft:sprint_one_cm":41687,"minecraft:damage_taken":1021,"minecraft:walk_one_cm":47162,"minecraft:trigger_trapped_chest":1,"minecraft:mob_kills":3,"minecraft:damage_dealt":660,"minecraft:damage_dealt_absorbed":18,"minecraft:interact_with_crafting_table":6,"minecraft:fly_one_cm":56048,"minecraft:open_chest":1,"minecraft:play_time":11521,"minecraft:crouch_one_cm":21340,"minecraft:deaths":4,"minecraft:sneak_time":2533,"minecraft:jump":182,"minecraft:leave_game":1,"minecraft:time_since_death":1527,"minecraft:total_world_time":11521,"minecraft:fall_one_cm":7355},"minecraft:used":{"minecraft:wooden_axe":13,"minecraft:dark_oak_stairs":2,"minecraft:stone_pickaxe":13,"minecraft:spruce_planks":50,"minecraft:wooden_pickaxe":3,"minecraft:stone_axe":10,"minecraft:crafting_table":1},"minecraft:picked_up":{"minecraft:book":66,"minecraft:stick":10,"minecraft:crafting_table":2,"apotheosis:gem":8,"patchouli:guide_book":1,"minecraft:spruce_stairs":4,"minecraft:enchanted_book":2,"minecraft:spruce_sapling":1,"minecraft:spruce_log":16,"minecraft:lantern":2,"minecraft:item_frame":8,"minecraft:cyan_carpet":4,"minecraft:slime_ball":6,"minecraft:soul_lantern":2,"minecraft:spruce_planks":51,"minecraft:iron_ingot":2,"minecraft:written_book":1,"minecraft:emerald":1,"minecraft:gold_ingot":6,"minecraft:dark_oak_stairs":4,"minecraft:cobblestone":18},"minecraft:killed_by":{"minecraft:vindicator":2,"minecraft:player":1,"minecraft:pillager":1}},"DataVersion":3465}