{"stats":{"minecraft:crafted":{"minecraft:crafting_table":1,"minecraft:spruce_planks":24,"minecraft:stick":12,"minecraft:wooden_axe":1},"minecraft:mined":{"minecraft:spruce_stairs":2,"minecraft:bookshelf":11,"minecraft:spruce_planks":2,"minecraft:cyan_carpet":1,"minecraft:spruce_log":16},"minecraft:custom":{"minecraft:time_since_rest":3589,"minecraft:open_chest":1,"minecraft:play_time":3589,"minecraft:sprint_one_cm":6768,"minecraft:crouch_one_cm":5974,"minecraft:walk_one_cm":10472,"minecraft:sneak_time":1002,"minecraft:jump":16,"minecraft:time_since_death":3589,"minecraft:total_world_time":3589,"minecraft:interact_with_crafting_table":1,"minecraft:fall_one_cm":209,"minecraft:fly_one_cm":3098},"minecraft:used":{"minecraft:wooden_axe":10,"minecraft:crafting_table":1,"minecraft:spruce_planks":1},"minecraft:picked_up":{"minecraft:book":33,"apotheosis:gem":4,"minecraft:item_frame":4,"minecraft:cyan_carpet":1,"minecraft:soul_lantern":2,"minecraft:spruce_stairs":2,"minecraft:spruce_planks":2,"minecraft:spruce_log":16,"minecraft:lantern":1}},"DataVersion":3465}